{"material":{"0":"LiFePO4","1":"LiFePO4","2":"LiFePO4","3":"LiFePO4","4":"LiFePO4","5":"LiFePO4","6":"LiFePO4","7":"LiFePO4","8":"LiFePO4","9":"LiFePO4","10":"LiFePO4","11":"LiFePO4","12":"LiFePO4","13":"LiFePO4","14":"LiFePO4","15":"LiFePO4","16":"LiFePO4","17":"LiFePO4","18":"LiFePO4","19":"LiFePO4","20":"LiFePO4","21":"LiFePO4","22":"LiFePO4","23":"LiFePO4","24":"LiFePO4","25":"LiFePO4","26":"LiFePO4","27":"LiFePO4","28":"LiFePO4","29":"LiFePO4"},"num_occupations":{"0":1,"1":1,"2":1,"3":1,"4":1,"5":2,"6":2,"7":2,"8":2,"9":2,"10":2,"11":2,"12":2,"13":2,"14":2,"15":3,"16":3,"17":3,"18":3,"19":3,"20":3,"21":3,"22":3,"23":3,"24":3,"25":4,"26":4,"27":4,"28":4,"29":4},"occupation":{"0":["0.00"],"1":["0.25"],"2":["0.50"],"3":["0.75"],"4":["1.00"],"5":["0.00","0.25"],"6":["0.00","0.50"],"7":["0.00","0.75"],"8":["0.00","1.00"],"9":["0.25","0.50"],"10":["0.25","0.75"],"11":["0.25","1.00"],"12":["0.50","0.75"],"13":["0.50","1.00"],"14":["0.75","1.00"],"15":["0.00","0.25","0.50"],"16":["0.00","0.25","0.75"],"17":["0.00","0.25","1.00"],"18":["0.00","0.50","0.75"],"19":["0.00","0.50","1.00"],"20":["0.00","0.75","1.00"],"21":["0.25","0.50","0.75"],"22":["0.25","0.50","1.00"],"23":["0.25","0.75","1.00"],"24":["0.50","0.75","1.00"],"25":["0.00","0.25","0.50","0.75"],"26":["0.00","0.25","0.50","1.00"],"27":["0.00","0.25","0.75","1.00"],"28":["0.00","0.50","0.75","1.00"],"29":["0.25","0.50","0.75","1.00"]},"model_rmse":{"0":0.5368704396,"1":1.5809494276,"2":0.5516384881,"3":0.4781211772,"4":0.6371593814,"5":0.9035530739,"6":0.6484102344,"7":0.5561177669,"8":0.6667286098,"9":0.6949448203,"10":1.684310725,"11":0.8689206385,"12":0.6181733189,"13":0.6204578852,"14":1.8206282676,"15":0.481870685,"16":0.6697785181,"17":0.5462142642,"18":0.7033507417,"19":0.5588850931,"20":0.5837671707,"21":0.579360245,"22":0.6160821125,"23":0.5229997173,"24":0.6006097556,"25":1.1061155102,"26":0.5566476098,"27":0.7589354699,"28":0.6230038972,"29":0.5377104271},"ref_rmse":{"0":0.5735650366,"1":0.5735650366,"2":0.5735650366,"3":0.5735650366,"4":0.5735650366,"5":0.5735650366,"6":0.5735650366,"7":0.5735650366,"8":0.5735650366,"9":0.5735650366,"10":0.5735650366,"11":0.5735650366,"12":0.5735650366,"13":0.5735650366,"14":0.5735650366,"15":0.5735650366,"16":0.5735650366,"17":0.5735650366,"18":0.5735650366,"19":0.5735650366,"20":0.5735650366,"21":0.5735650366,"22":0.5735650366,"23":0.5735650366,"24":0.5735650366,"25":0.5735650366,"26":0.5735650366,"27":0.5735650366,"28":0.5735650366,"29":0.5735650366},"train_rmse":{"0":0.5105043418,"1":1.5366805136,"2":0.5343384383,"3":0.4094994619,"4":0.7170344118,"5":0.9040878006,"6":0.7108394928,"7":0.5153388685,"8":0.800375557,"9":0.7448305679,"10":1.627929262,"11":0.7888824639,"12":0.6839032318,"13":0.6849055073,"14":2.188868865,"15":0.4031822745,"16":0.7413544815,"17":0.4659701083,"18":0.8108697268,"19":0.5280009676,"20":0.5944428327,"21":0.5653413868,"22":0.6802677944,"23":0.5140762407,"24":0.585011829,"25":1.2816612542,"26":0.5432790318,"27":0.7505706679,"28":0.676742431,"29":0.4333312702}}
